,count,mean,std,min,25%,50%,75%,max,skewness,kurtosis
clicks_28d,35093.0,234.3421765024364,316.2012553344581,0.0,37.0,132.0,312.0,6211.0,3.6674290059327994,26.331339706890855
dias_activos_28d,35093.0,9.413871712307298,7.522959513809478,-0.0,3.0,8.0,14.0,29.0,0.6510872980940101,-0.3961677906964858
studied_credits,35093.0,78.68193086940416,40.204973126952304,30.0,60.0,60.0,100.0,655.0,1.9164249627607985,8.093762574445087
num_of_prev_attempts,35093.0,0.17259852392214972,0.49075491192692516,0.0,0.0,0.0,0.0,6.0,3.6153556049016586,17.255526195857882
promedio_evaluaciones,28320.0,71.497768195149,16.59622872806033,0.0,62.0,74.6,83.83333333333333,100.0,-1.0702797951743197,1.6316222105062983
