modelo,tp,fp,tn,fn,precision_manual,recall_manual,f1_manual,accuracy_manual
regresion_logistica,2829,1213,3375,1357,0.6999010390895596,0.6758241758241759,0.6876519202722412,0.707089126966036
random_forest,3220,1546,3042,966,0.6756189676877885,0.7692307692307693,0.7193923145665774,0.713699566902211
gradient_boosting,3209,1489,3099,977,0.6830566198382291,0.7666029622551361,0.7224223322827555,0.718942329610212
